{"n":{"0":8,"1":16,"2":32,"3":64,"4":128,"5":256},"dfj_z":{"0":186.0,"1":150.0,"2":null,"3":null,"4":null,"5":null},"dfj_time":{"0":0.0109629631,"1":5.0261900425,"2":null,"3":null,"4":null,"5":null},"dfjlr_time":{"0":0.0012121201,"1":2.0571901798,"2":null,"3":null,"4":null,"5":null},"dfjlr_z":{"0":186.0,"1":150.0,"2":null,"3":null,"4":null,"5":null},"gap_dfj":{"0":0.0,"1":0.0,"2":null,"3":null,"4":null,"5":null},"mtz_z":{"0":186.0,"1":150.0,"2":199.0,"3":203.0,"4":233.0,"5":299.0},"mtzlr_z":{"0":170.0,"1":146.8,"2":193.1290322581,"3":203.0,"4":232.0157480315,"5":299.0},"mtz_time":{"0":0.0202400684,"1":0.0282180309,"2":0.1856589317,"3":0.5134110451,"4":7.6762979031,"5":22.7354650497},"mtzlr_time":{"0":0.001832962,"1":0.0025799274,"2":0.0108549595,"3":0.0275051594,"4":0.31340909,"5":0.8001008034},"gap_mtz":{"0":-0.16,"1":-0.032,"2":-0.0587096774,"3":0.0,"4":-0.0098425197,"5":0.0},"gg_z":{"0":186.0,"1":150.0,"2":199.0,"3":203.0,"4":233.0,"5":299.0},"gg_time":{"0":0.0213987827,"1":0.1037788391,"2":0.3175029755,"3":2.912664175,"4":57.6101868153,"5":163.8248870373},"gglr_z":{"0":170.0,"1":146.8,"2":193.1290322581,"3":203.0,"4":232.0157480315,"5":299.0},"gglr_time":{"0":0.0009968281,"1":0.0024938583,"2":0.0058941841,"3":0.0302050114,"4":0.2599999905,"5":0.99503088},"gap_gg":{"0":-0.16,"1":-0.032,"2":-0.0587096774,"3":0.0,"4":-0.0098425197,"5":0.0}}