{
    "8": {
        "dfj": {
            "0": {
                "z": 186.0,
                "time": 0.010962963104248047
            },
            "1": {
                "z": 180.0,
                "time": 0.01094508171081543
            },
            "2": {
                "z": 142.0,
                "time": 0.011780977249145508
            }
        },
        "dfjlr": {
            "0": {
                "z": 186.0,
                "time": 0.0012121200561523438
            },
            "1": {
                "z": 180.0,
                "time": 0.0011868476867675781
            },
            "2": {
                "z": 142.0,
                "time": 0.0008690357208251953
            }
        },
        "mtz": {
            "0": {
                "z": 186.0,
                "time": 0.020240068435668945
            },
            "1": {
                "z": 180.0,
                "time": 0.005055904388427734
            },
            "2": {
                "z": 142.0,
                "time": 0.009942054748535156
            }
        },
        "mtzlr": {
            "0": {
                "z": 169.99999999999997,
                "time": 0.0018329620361328125
            },
            "1": {
                "z": 180.0,
                "time": 0.0008299350738525391
            },
            "2": {
                "z": 131.14285714285717,
                "time": 0.0011441707611083984
            }
        },
        "gg": {
            "0": {
                "z": 186.0,
                "time": 0.02139878273010254
            },
            "1": {
                "z": 180.0,
                "time": 0.0052340030670166016
            },
            "2": {
                "z": 142.0,
                "time": 0.014692068099975586
            }
        },
        "gglr": {
            "0": {
                "z": 169.99999999999997,
                "time": 0.0009968280792236328
            },
            "1": {
                "z": 180.0,
                "time": 0.0008118152618408203
            },
            "2": {
                "z": 131.14285714285717,
                "time": 0.0009739398956298828
            }
        }
    },
    "16": {
        "dfj": {
            "0": {
                "z": 150.0,
                "time": 5.0261900424957275
            },
            "1": {
                "z": 125.0,
                "time": 6.185528993606567
            },
            "2": {
                "z": 192.99999999999994,
                "time": 10.3803391456604
            }
        },
        "dfjlr": {
            "0": {
                "z": 150.0,
                "time": 2.057190179824829
            },
            "1": {
                "z": 125.0,
                "time": 2.37972092628479
            },
            "2": {
                "z": 186.1111111111111,
                "time": 1.9195799827575684
            }
        },
        "mtz": {
            "0": {
                "z": 150.0,
                "time": 0.02821803092956543
            },
            "1": {
                "z": 125.0,
                "time": 0.03039097785949707
            },
            "2": {
                "z": 193.0,
                "time": 0.054635047912597656
            }
        },
        "mtzlr": {
            "0": {
                "z": 146.8,
                "time": 0.002579927444458008
            },
            "1": {
                "z": 120.66666666666666,
                "time": 0.0037848949432373047
            },
            "2": {
                "z": 171.8,
                "time": 0.0017290115356445312
            }
        },
        "gg": {
            "0": {
                "z": 150.0,
                "time": 0.10377883911132812
            },
            "1": {
                "z": 125.0,
                "time": 0.046111106872558594
            },
            "2": {
                "z": 193.0,
                "time": 0.2532839775085449
            }
        },
        "gglr": {
            "0": {
                "z": 146.8,
                "time": 0.0024938583374023438
            },
            "1": {
                "z": 120.66666666666666,
                "time": 0.0018639564514160156
            },
            "2": {
                "z": 171.8,
                "time": 0.002156972885131836
            }
        }
    },
    "32": {
        "dfj": {
            "0": {
                "z": NaN,
                "time": Infinity
            },
            "1": {
                "z": NaN,
                "time": Infinity
            },
            "2": {
                "z": NaN,
                "time": Infinity
            }
        },
        "dfjlr": {
            "0": {
                "z": NaN,
                "time": Infinity
            },
            "1": {
                "z": NaN,
                "time": Infinity
            },
            "2": {
                "z": NaN,
                "time": Infinity
            }
        },
        "mtz": {
            "0": {
                "z": 199.0,
                "time": 0.18565893173217773
            },
            "1": {
                "z": 199.0,
                "time": 0.3431670665740967
            },
            "2": {
                "z": 204.0,
                "time": 0.23033809661865234
            }
        },
        "mtzlr": {
            "0": {
                "z": 193.1290322580645,
                "time": 0.010854959487915039
            },
            "1": {
                "z": 191.6290322580645,
                "time": 0.00539088249206543
            },
            "2": {
                "z": 197.29032258064515,
                "time": 0.0064280033111572266
            }
        },
        "gg": {
            "0": {
                "z": 199.0,
                "time": 0.3175029754638672
            },
            "1": {
                "z": 199.0,
                "time": 0.39878106117248535
            },
            "2": {
                "z": 204.0,
                "time": 0.5186538696289062
            }
        },
        "gglr": {
            "0": {
                "z": 193.1290322580645,
                "time": 0.005894184112548828
            },
            "1": {
                "z": 191.6290322580645,
                "time": 0.004891872406005859
            },
            "2": {
                "z": 197.29032258064515,
                "time": 0.0065991878509521484
            }
        }
    },
    "64": {
        "dfj": {
            "0": {
                "z": NaN,
                "time": Infinity
            },
            "1": {
                "z": NaN,
                "time": Infinity
            },
            "2": {
                "z": NaN,
                "time": Infinity
            }
        },
        "dfjlr": {
            "0": {
                "z": NaN,
                "time": Infinity
            },
            "1": {
                "z": NaN,
                "time": Infinity
            },
            "2": {
                "z": NaN,
                "time": Infinity
            }
        },
        "mtz": {
            "0": {
                "z": 203.0,
                "time": 0.5134110450744629
            },
            "1": {
                "z": 195.0,
                "time": 3.017228841781616
            },
            "2": {
                "z": 176.0,
                "time": 2.0612659454345703
            }
        },
        "mtzlr": {
            "0": {
                "z": 203.0,
                "time": 0.027505159378051758
            },
            "1": {
                "z": 192.04761904761907,
                "time": 0.058683156967163086
            },
            "2": {
                "z": 173.15873015873018,
                "time": 0.029773950576782227
            }
        },
        "gg": {
            "0": {
                "z": 203.0,
                "time": 2.9126641750335693
            },
            "1": {
                "z": 195.0,
                "time": 10.84260892868042
            },